{"cameraMode":{"drawMode":0,"name":"Shaded","section":"Shading Mode"},"sceneLighting":false,"audioPlay":false,"sceneViewState":{"showFog":true,"showMaterialUpdate":false,"showSkybox":false,"showFlares":true,"showImageEffects":true,"showParticleSystems":true},"in2DMode":false,"pivot":{"x":0.001830868422985077,"y":0.3338316082954407,"z":-0.0007825642824172974},"rotation":{"x":-0.24434183537960053,"y":0.2641279101371765,"z":-0.06936222314834595,"w":-0.9304420351982117},"size":0.32518577575683596,"orthographic":false}